x1,x2,x3,x4,x5,x6,x7,x8,x9,x10,x11,x12,x13,x14,x15,x16,x17,x18,x19,x20,x21,x22,x23,x24,x25,x26,x27,x28,x29,x30
21.978,58.080000000000005,65.95599999999999,69.5992,70.576,125.18,141.614,142.164,192.016,200.552,205.78799999999998,215.48999999999998,220.72599999999997,237.16,276.584,281.358,297.792,298.342,304.34800000000007,309.122,310.398,319.79200000000003,324.566,340.99999999999994,341.54999999999995,400.158,400.488,405.72400000000005,422.158,480.7660000000001
9.328,70.73,78.606,82.2492,83.226,137.83,154.264,154.81400000000002,159.69799999999998,163.3412,204.666,263.23,278.168,419.82599999999996,419.97999999999996,420.15599999999995,420.30999999999995,462.8139999999999,466.3999999999999,506.2640001495933,508.508,524.8320000592355,527.2850000592355,528.814,528.88,530.629,533.28,551.342,559.24,710.6439999999999
13.552,66.506,74.382,78.0252,79.002,133.606,150.04000000000002,150.59,200.442,208.978,214.214,223.916,229.152,245.586,285.01000000000005,289.78400000000005,306.218,306.76800000000003,312.77400000000006,317.54800000000006,318.824,328.218,332.992,349.426,349.976,408.58400000000006,408.91399999999993,414.15,430.58399999999995,489.192
23.759999999999998,54.516,58.1592,59.13600000000001,64.174,67.8172,68.79400000000001,123.39800000000002,139.83200000000002,140.38200000000003,145.266,148.9092,190.23399999999998,248.798,263.736,405.394,405.548,405.72399999999993,405.878,448.382,451.96799999999996,491.83200014959334,494.076,510.4000000592354,512.8530000592355,514.3820000000001,514.4480000000001,516.1970000000001,518.848,536.91
35.2,43.07599999999999,44.858000000000004,-1.0,-1.0,-1.0,-1.0,-1.0,-1.0,-1.0,-1.0,-1.0,-1.0,-1.0,-1.0,-1.0,-1.0,-1.0,-1.0,-1.0,-1.0,-1.0,-1.0,-1.0,-1.0,-1.0,-1.0,-1.0,-1.0,-1.0
3.5111999999999997,30.14,43.384,78.408,88.066,97.988,114.42200000000003,114.97200000000001,124.476,146.498,147.04799999999997,159.5,169.15800000000002,179.08,214.808,248.11599999999999,255.464,270.402,288.31,305.426,315.084,429.96799999999996,430.12199999999996,430.298,430.452,463.76000000000005,472.95599999999996,476.542,509.85,516.4060001495934
15.136,18.5152,31.7592,66.7832,76.4412,86.3632,102.79720000000002,103.3472,153.19920000000002,161.73520000000002,166.9712,176.6732,181.9092,198.34320000000002,237.7672,242.5412,258.97520000000003,259.52520000000004,265.5312,270.3052,271.5812,280.97520000000003,285.74920000000003,302.1832,302.7332,352.71720000000005,361.6712,366.90720000000005,383.3412,433.3252
11.879999999999999,31.372,35.0152,71.01599999999999,80.67399999999999,90.596,107.03000000000002,107.58,157.432,165.968,171.204,180.90599999999998,186.142,202.576,241.99999999999994,246.77399999999994,263.208,263.75800000000004,269.764,274.538,275.814,285.208,289.982,306.416,306.966,365.57400000000007,365.904,371.14000000000004,387.574,446.182
15.004,18.647199999999998,28.248,63.272,72.92999999999999,82.852,99.28600000000002,99.836,149.68800000000002,158.22400000000002,163.46000000000004,173.162,178.39800000000002,194.83200000000002,234.25599999999997,239.02999999999997,255.464,256.014,262.02,266.794,268.07,277.464,282.238,298.67199999999997,299.222,349.206,358.15999999999997,363.396,379.83,429.81399999999996
4.576,38.676,42.319199999999995,78.32000000000001,87.978,97.9,114.33400000000002,114.884,164.736,173.272,178.508,188.21,193.446,209.88000000000002,249.304,254.078,270.51200000000006,271.06200000000007,277.06800000000004,281.84200000000004,283.11800000000005,292.51200000000006,297.286,313.71999999999997,314.27,372.87800000000004,373.208,378.4440000000001,394.87800000000004,453.4860000000001
7.48,35.772,39.4152,75.416,85.07399999999998,94.996,111.43,111.97999999999999,161.832,170.368,175.60399999999998,185.306,190.54200000000003,206.97600000000003,246.39999999999998,251.17399999999998,267.608,268.158,274.164,278.93800000000005,280.214,289.608,294.382,310.816,311.366,369.97400000000005,370.304,375.54,391.974,450.582
33.55,-1.0,-1.0,-1.0,-1.0,-1.0,-1.0,-1.0,-1.0,-1.0,-1.0,-1.0,-1.0,-1.0,-1.0,-1.0,-1.0,-1.0,-1.0,-1.0,-1.0,-1.0,-1.0,-1.0,-1.0,-1.0,-1.0,-1.0,-1.0,-1.0
23.496000000000002,74.36,78.00319999999999,78.97999999999999,90.794,91.344,94.98719999999999,95.96399999999998,130.988,140.646,141.196,144.8392,145.81599999999997,149.732,153.3752,154.35199999999998,154.968,158.6112,159.58799999999997,164.67000000000002,168.31320000000002,169.29,169.90600000000003,173.54920000000004,174.526,186.34000000000003,189.98320000000004,190.96,204.31400000000002,186.69200000000004
11.088000000000001,86.768,90.41120000000001,91.388,107.822,108.372,126.412,136.07,152.50400000000002,153.054,202.906,211.11200000000002,211.66200000000003,261.514,320.07800000000003,335.016,476.674,476.828,477.00399999999996,477.15799999999996,519.6619999999999,523.2479999999999,563.1120001495933,565.356,581.6800000592355,584.1330000592354,585.6619999999999,585.728,587.477,590.1279999999999
35.42,-1.0,-1.0,-1.0,-1.0,-1.0,-1.0,-1.0,-1.0,-1.0,-1.0,-1.0,-1.0,-1.0,-1.0,-1.0,-1.0,-1.0,-1.0,-1.0,-1.0,-1.0,-1.0,-1.0,-1.0,-1.0,-1.0,-1.0,-1.0,-1.0
4.312,38.94,42.58319999999999,77.6072,85.404,107.426,107.976,173.756,208.78000000000003,209.04399999999998,216.392,231.32999999999998,297.11,332.13399999999996,341.792,397.60600000000005,402.38000000000005,424.204,424.358,424.534,424.688,439.252,467.192,470.77799999999996,485.342,510.64200014959334,512.402,529.2100000592354,531.6630000592354,533.1919999999999
16.082,73.634,95.656,96.206,108.262,111.9052,133.9272,134.47719999999998,146.9292,151.83520000000001,152.3852,166.50920000000002,202.2372,210.7732,225.7112,247.3812,262.0552,303.2392,303.78919999999994,308.0132,308.5632,316.76919999999996,331.0032,331.55319999999995,335.7772,336.32720000000006,337.05319999999995,337.6032,346.44720000000007,346.9972
15.554,37.576,38.126,74.162,98.73599999999999,99.286,102.3792,102.92920000000001,103.356,103.906,108.78999999999999,112.4332,138.38000000000002,138.93000000000004,143.814,147.4572,148.038,148.58800000000002,153.472,157.1152,-1.0,-1.0,-1.0,-1.0,-1.0,-1.0,-1.0,-1.0,-1.0,-1.0
18.348,34.782000000000004,35.332,79.508,83.1512,84.128,119.15200000000002,128.81,172.70000000000002,173.25000000000003,176.3432,176.8932,277.96119999999996,285.3092,300.24719999999996,466.5232,471.2972,493.1212,493.2752,493.4512,493.60519999999997,536.1091999999999,539.6951999999999,579.5592001495933,581.3192,598.1272000592354,600.5802000592354,602.1091999999999,602.1751999999999,603.9241999999999
30.800000000000004,-1.0,-1.0,-1.0,-1.0,-1.0,-1.0,-1.0,-1.0,-1.0,-1.0,-1.0,-1.0,-1.0,-1.0,-1.0,-1.0,-1.0,-1.0,-1.0,-1.0,-1.0,-1.0,-1.0,-1.0,-1.0,-1.0,-1.0,-1.0,-1.0
35.948,53.768,-1.0,-1.0,-1.0,-1.0,-1.0,-1.0,-1.0,-1.0,-1.0,-1.0,-1.0,-1.0,-1.0,-1.0,-1.0,-1.0,-1.0,-1.0,-1.0,-1.0,-1.0,-1.0,-1.0,-1.0,-1.0,-1.0,-1.0,-1.0
42.9,-1.0,-1.0,-1.0,-1.0,-1.0,-1.0,-1.0,-1.0,-1.0,-1.0,-1.0,-1.0,-1.0,-1.0,-1.0,-1.0,-1.0,-1.0,-1.0,-1.0,-1.0,-1.0,-1.0,-1.0,-1.0,-1.0,-1.0,-1.0,-1.0
19.228,19.778,33.902,92.50999999999999,120.846,128.19400000000002,143.132,309.408,314.182,336.006,336.15999999999997,336.336,336.49,378.99399999999997,382.58,422.44400014959336,424.204,441.0120000592354,443.4650000592354,444.994,445.06,446.809,449.46,465.806,632.0819999999999,636.8559999999999,671.352,681.406,728.0459999999999,730.246
8.668,30.338,45.012,103.61999999999999,117.084,131.95600000000002,132.022,347.116,347.27,347.446,347.6,390.104,393.69,412.94,389.95,393.536,433.4000001495934,435.64400000000006,443.542,451.9680000592354,454.42100005923544,454.542,455.95000000000005,456.016,457.76500000000004,460.43800017433193,473.55000017433196,478.39000017433193,493.0640001743319,521.7080001743318
27.368,98.38399999999999,112.70599999999999,120.05399999999999,127.38,134.728,137.324,140.9672,141.944,176.96800000000002,185.988,187.308,190.9512,224.2592,231.6072,246.5452,259.2832,266.63120000000004,268.9412,276.2892,291.2272,420.3452,425.1191999999999,447.33919999999995,452.8832,454.15919999999994,459.61519999999996,475.0592,497.2792,512.2172
39.622,-1.0,-1.0,-1.0,-1.0,-1.0,-1.0,-1.0,-1.0,-1.0,-1.0,-1.0,-1.0,-1.0,-1.0,-1.0,-1.0,-1.0,-1.0,-1.0,-1.0,-1.0,-1.0,-1.0,-1.0,-1.0,-1.0,-1.0,-1.0,-1.0
11.110000000000001,27.896,42.57,101.178,103.72999999999999,107.3732,108.35,120.714,129.51399999999998,135.652,177.386,182.16,216.656,232.1,281.59999999999997,288.948,292.59119999999996,293.568,305.93199999999996,314.73199999999997,320.87,520.718,521.092,521.246,521.4219999999999,530.222,536.36,543.862,543.862,563.222
34.385999999999996,72.952,107.448,122.89200000000001,158.88400000000001,173.00799999999998,175.67000000000002,190.344,219.64800000000002,223.2912,224.26799999999997,252.03199999999998,253.308,259.292,268.95,296.714,297.98999999999995,312.158,328.26200000000006,331.90520000000004,366.4012,381.84520000000003,418.10119999999995,440.3212,455.25919999999996,489.75519999999995,505.19919999999996,553.4232,554.6991999999999,568.8672
6.622,100.71600000000001,135.212,150.656,181.874,195.998,198.66,213.33399999999997,242.638,246.28119999999998,247.25799999999995,275.022,282.282,291.94,319.704,335.148,351.25200000000007,354.89520000000005,441.09119999999996,463.3112,478.2492,576.4132,591.8572,621.0291999999998,656.2512,656.4052,656.5812,656.7352,678.1411999999998,678.1411999999998
10.846,-1.0,-1.0,-1.0,-1.0,-1.0,-1.0,-1.0,-1.0,-1.0,-1.0,-1.0,-1.0,-1.0,-1.0,-1.0,-1.0,-1.0,-1.0,-1.0,-1.0,-1.0,-1.0,-1.0,-1.0,-1.0,-1.0,-1.0,-1.0,-1.0
25.740000000000002,162.756,167.53,179.542,184.316,194.216,198.98999999999998,233.48600000000002,243.54,252.82400000000004,257.598,270.468,272.36000000000007,277.13399999999996,285.406,287.298,292.07199999999995,302.896,307.66999999999996,317.57,322.34399999999994,356.84,366.89399999999995,376.178,380.952,410.806,414.44919999999996,419.2231999999999,430.4652,432.3572
54.339999999999996,71.41199999999999,77.484,92.422,93.082,107.75599999999999,122.69399999999999,124.124,127.76719999999997,128.744,143.682,163.768,173.426,188.36399999999998,228.888,233.66199999999998,241.868,243.76000000000002,248.534,263.47200000000004,264.132,278.806,283.03000000000003,297.9680000000001,298.47400000000005,313.4120000000001,314.07200000000006,328.74600000000004,335.80800000000005,350.04200000000003
18.678,169.818,174.592,186.604,191.37800000000001,201.27800000000005,206.052,240.54800000000003,250.602,259.886,264.65999999999997,277.53,279.42199999999997,284.19599999999997,292.46799999999996,294.36,299.13399999999996,309.958,314.73199999999997,324.632,329.40599999999995,363.902,373.95599999999996,383.24,388.014,417.86800000000005,421.5112000000001,426.28520000000003,437.5272,439.41920000000005
21.34,167.156,171.93,183.942,188.716,198.61600000000004,203.39,237.88600000000002,247.94,257.22400000000005,261.998,274.868,276.76000000000005,281.534,289.806,291.69800000000004,296.472,307.29600000000005,312.07,321.97,326.74399999999997,361.24,371.294,380.57800000000003,385.35200000000003,415.2060000000001,418.84920000000005,423.62320000000005,434.86519999999996,436.7572
34.980000000000004,153.51600000000002,158.29000000000002,170.30200000000002,175.07600000000002,184.976,189.75,224.24599999999998,234.3,243.58400000000006,248.358,261.228,263.12,267.894,276.166,278.05800000000005,282.832,293.65600000000006,298.43,308.33000000000004,313.104,347.59999999999997,357.654,366.9380000000001,371.71200000000005,401.56600000000014,405.2092000000001,409.98320000000007,421.22520000000003,423.1172000000001
10.824,321.83799999999997,321.838,323.73,323.73,328.504,328.504,357.32399999999996,357.324,358.92999999999995,358.93,375.716,375.71600000000007,390.39,390.39000000000004,393.558,393.55800000000005,408.496,408.49600000000004,437.31600000000003,437.31600000000003,444.33400000000006,444.33400000000006,445.2580001495933,445.25800014959333,447.50199999999995,447.502,448.36000014959336,448.36000014959336,456.39000014959333
35.2,113.696,129.14,158.312,167.42000000000002,202.61999999999998,219.406,234.07999999999998,244.024,247.6672,248.64399999999998,261.008,275.94599999999997,297.462,297.462,326.28200000000004,333.3,341.24200014959325,343.486,345.818,352.37400014959326,354.61799999999994,356.95,401.47799999999995,401.49999999999994,456.47799999999995,456.544,458.94199999999995,459.008,521.873
25.366,123.53,138.974,163.13,167.904,179.91600000000003,184.69,194.59,199.36399999999998,233.86,249.304,253.198,257.972,272.73400000000004,277.508,287.672,292.44599999999997,303.27000000000004,308.04400000000004,309.18800000000005,309.18800000000005,313.96200000000005,338.00800000000004,342.782,345.02600000000007,349.8,352.9680001495933,355.21200000000005,357.54400000000004,362.31800000000004
90.53,90.53,242.132,244.024,248.798,277.618,279.224,296.01000000000005,310.684,313.85200000000003,328.78999999999996,357.60999999999996,364.628,365.5520001495933,367.796,368.65400014959334,376.6840001495933,383.70200014959335,414.656,414.67800000000005,417.7800000000001,419.364,434.03799999999995,441.86999999999995,444.774,448.36,451.462,472.4719999999999,475.376,483.4719999999999
43.120000000000005,137.94,289.54200000000003,291.434,296.208,325.028,326.634,343.4200000000001,358.09400000000005,361.26200000000006,376.2,405.02,412.038,412.96200014959334,415.206,416.06400014959337,424.09400014959334,431.11200014959337,462.06600000000003,462.0880000000001,465.1900000000001,466.774,481.448,489.28,492.184,495.77000000000004,498.872,519.882,522.786,530.882
71.72,77.176,92.62,121.792,158.664,163.438,164.714,205.30400000000003,208.9472,209.92399999999998,214.69800000000004,215.97400000000002,226.358,226.90800000000002,231.68200000000002,232.95800000000003,239.272,244.046,245.322,247.522,248.072,252.846,253.572,252.296,254.20999999999998,258.98400000000004,260.26,270.996,275.77000000000004,277.046
8.404,194.216,198.98999999999995,226.754,228.03,229.416,240.856,244.49919999999997,245.476,250.24999999999994,261.90999999999997,262.46,267.234,274.824,279.59799999999996,283.074,283.624,288.39799999999997,289.762,294.536,302.742,306.548,311.322,321.22200000000004,323.576,324.258,324.258,353.078,353.07800000000003,360.096
56.76,145.85999999999999,150.634,173.62400000000002,178.398,179.67399999999998,189.06799999999998,193.84199999999998,240.482,244.1252,245.10199999999998,256.916,257.466,261.10920000000004,262.086,274.45,275.0,291.786,306.46000000000004,316.40400000000005,320.04720000000003,321.02400000000006,333.38800000000003,348.3260000000001,369.842,369.842,398.662,405.68,413.62200014959336,415.86600000000004
18.810000000000002,59.025999999999996,74.47,138.468,174.70200000000003,217.624,256.18999999999994,264.264,267.9072,268.88399999999996,285.318,285.86799999999994,298.23199999999997,306.48199999999997,307.032,313.16999999999996,329.9559999999999,344.63,383.196,403.23799999999994,415.4479999999999,436.96399999999994,436.964,465.784,465.784,472.802,472.802,473.72600014959323,473.72600014959323,475.9699999999999
16.61,32.054,61.226,125.22399999999999,132.286,213.77399999999997,218.548,260.41400000000004,264.0572,265.034,269.80799999999994,281.468,282.01800000000003,286.792,294.382,299.156,302.632,303.182,307.406,309.32,314.094,326.106,330.87999999999994,340.78000000000003,345.55400000000003,373.0319999999999,394.54799999999994,394.548,423.368,423.368
16.302,32.361999999999995,76.978,140.976,148.038,229.52599999999998,234.3,276.16600000000005,279.80920000000003,280.786,285.55999999999995,297.22,297.77000000000004,302.544,310.134,314.908,318.384,318.934,323.158,325.072,329.846,341.858,346.63199999999995,356.53200000000004,361.30600000000004,388.78399999999993,410.29999999999995,410.3,439.12,439.12
20.746,57.09,72.53399999999999,136.53199999999998,172.76600000000002,215.688,254.25399999999996,262.328,265.97119999999995,266.948,283.38199999999995,283.932,296.29599999999994,304.54599999999994,305.096,311.2339999999999,328.02,342.69399999999996,381.26,401.302,413.51199999999994,435.028,435.028,463.84799999999996,463.848,470.866,470.86600000000004,471.7900001495932,471.79000014959325,474.034
7.281999999999999,-1.0,-1.0,-1.0,-1.0,-1.0,-1.0,-1.0,-1.0,-1.0,-1.0,-1.0,-1.0,-1.0,-1.0,-1.0,-1.0,-1.0,-1.0,-1.0,-1.0,-1.0,-1.0,-1.0,-1.0,-1.0,-1.0,-1.0,-1.0,-1.0
25.608,72.24799999999999,75.8912,76.868,93.30199999999999,93.85199999999999,106.216,114.46599999999998,115.01599999999998,121.15399999999998,137.94,152.61399999999998,177.012,181.786,204.776,209.55000000000004,210.82600000000002,220.22000000000003,224.994,306.1520000000001,322.9380000000001,337.6120000000001,396.2200000000001,430.8480000000001,431.3540000000001,446.0280000000001,446.29200000000014,460.9660000000001,509.058,509.05800000000005
11.879999999999999,119.94399999999999,128.194,136.73,142.868,151.404,152.81199999999998,156.4552,157.432,165.968,171.20399999999998,179.454,187.99,192.45600000000002,200.99200000000002,202.114,210.65,215.886,224.136,232.672,247.60999999999999,260.722,269.25800000000004,271.348,276.122,284.32800000000003,293.128,299.112,303.8860000000001,305.16200000000003
21.67,56.166,71.60999999999999,85.668,171.59999999999997,185.724,188.38599999999997,203.06,232.36399999999998,236.00719999999995,236.98399999999998,264.748,272.008,281.666,309.43,324.874,340.978,344.6212,430.81719999999996,453.0372,467.97520000000003,566.1392000000001,581.5832,645.9772,646.1312,646.3072,646.4612,667.8671999999998,667.8671999999998,670.6171999999999
44.660000000000004,62.678,97.17399999999999,112.618,143.836,157.95999999999998,204.60000000000002,208.2432,209.21999999999997,212.85000000000002,289.894,289.894,318.71400000000006,325.732,333.67400014959327,335.918,338.25,344.8060001495933,347.04999999999995,349.38199999999995,393.90999999999997,393.93199999999996,440.572,444.2152,445.192,448.90999999999997,448.976,451.37399999999997,451.44,498.08000000000004
13.463999999999999,35.199999999999996,79.81599999999999,143.81400000000002,150.876,229.74600000000004,246.53200000000004,261.2060000000001,319.814,339.35,354.28799999999995,369.886,375.80400000000003,375.80400000000003,404.6240000000001,411.642,413.13800000000003,404.6240000000001,411.642,419.58400014959324,421.82800000000003,424.16,430.7160001495933,432.96,435.292,448.976,451.50600014959326,453.75000000000006,491.08400000000006,500.39000000000004
31.24,94.512,108.834,116.18199999999999,123.508,130.856,133.452,137.09519999999998,138.072,173.096,182.11599999999999,183.43599999999998,187.0792,220.38719999999995,227.73519999999996,242.67319999999995,255.4112,262.7592,265.06919999999997,272.4172,287.3552,416.47319999999996,421.2471999999999,443.46719999999993,449.0111999999999,450.2872,455.74319999999994,471.18719999999996,493.4072,508.34520000000003
5.896,17.314,134.79399999999998,140.866,156.464,171.138,187.506,191.14919999999998,192.12599999999998,227.15,236.808,281.6,312.20200000000006,313.17,312.84000000000003,312.994,313.324,324.10400000000004,327.69000000000005,367.5540001495933,369.79800000000006,386.1220000592355,388.5750000592355,390.1040000000001,390.1700000000001,391.91900000000004,394.57,434.4340001495934,436.67800000000005,483.5380000000001
4.136,19.074,121.61599999999999,127.688,143.286,157.96,174.328,177.97119999999998,178.94799999999998,213.972,223.63,268.42199999999997,299.024,299.99199999999996,299.662,299.816,300.14599999999996,310.926,314.512,354.37600014959327,356.62,372.94400005923546,375.39700005923544,376.92600000000004,376.992,378.741,381.39199999999994,421.2560001495933,423.5,470.36000000000007
36.982,235.57600000000002,250.514,281.116,281.754,281.908,282.084,282.238,309.628,326.414,341.08799999999997,351.032,353.056,383.658,384.296,384.45,384.626,384.78000000000003,399.696,401.01599999999996,404.6592,435.2612,437.9672,468.56919999999997,472.9912,474.012,475.904,480.678,495.41799999999995,495.41799999999995
2.244,20.966,138.446,144.51799999999997,161.304,175.97799999999998,185.922,189.56519999999998,190.54199999999997,195.778,212.564,225.566,230.80200000000002,235.224,240.45999999999998,257.246,285.252,315.854,316.492,316.646,316.82200000000006,316.97600000000006,347.57800000000003,358.57800000000003,360.162,376.948,391.62199999999996,401.566,402.666,419.452
10.934000000000001,12.276,129.756,135.828,151.42600000000002,166.10000000000002,182.468,186.1112,187.088,222.112,231.77,276.562,307.164,308.132,307.802,307.956,308.286,319.06600000000003,322.65200000000004,362.51600014959337,364.76000000000005,381.08400005923545,383.5370000592354,385.06600000000003,385.13200000000006,386.88100000000003,389.532,429.39600014959336,431.64000000000004,478.50000000000006
23.32,50.269999999999996,241.34,241.49400000000003,280.478,280.632,295.416,295.57,326.018,326.17199999999997,331.914,332.068,332.464,332.618,346.588,346.742,356.532,356.686,360.17519999999996,360.32919999999996,361.152,361.306,396.17599999999993,396.3299999999999,405.19599999999997,405.34999999999997,406.51599999999996,406.66999999999996,410.15919999999994,410.31319999999994
36.629999999999995,36.96,228.03,228.18400000000003,267.168,267.322,282.106,282.26,312.70799999999997,312.86199999999997,318.604,318.758,319.154,319.308,333.278,333.432,343.222,343.376,346.86519999999996,347.01919999999996,347.842,347.996,382.86599999999993,383.0199999999999,391.88599999999997,392.03999999999996,393.20599999999996,393.35999999999996,396.84919999999994,397.00319999999994
24.75,107.07399999999998,115.324,123.85999999999999,129.998,138.534,139.942,143.5852,144.56199999999998,153.09799999999998,158.33399999999997,166.584,175.12,179.586,188.12199999999999,189.244,197.78,203.01600000000002,211.26600000000002,219.80200000000002,234.74,239.91,240.06400000000002,240.24,247.808,262.746,278.41,282.414,282.568,282.74399999999997
43.384,221.27599999999998,221.42999999999998,221.606,221.76000000000002,229.174,244.112,274.71399999999994,285.71399999999994,289.27799999999996,289.27799999999996,291.16999999999996,291.16999999999996,295.94399999999996,295.94399999999996,303.22599999999994,303.59999999999997,303.75399999999996,303.92999999999995,304.08399999999995,311.84999999999997,312.00399999999996,312.17999999999995,312.33399999999995,319.748,320.01199999999994,320.3859999999999,320.53999999999996,320.71599999999995,320.86999999999995
13.309999999999999,60.28,251.35,251.50400000000002,290.488,290.642,305.426,305.58,336.028,336.182,341.924,342.078,342.47400000000005,342.62800000000004,356.59799999999996,356.75199999999995,366.54200000000003,366.696,370.18519999999995,370.33919999999995,371.1619999999999,371.3159999999999,406.186,406.34,415.20599999999996,415.35999999999996,416.52599999999995,416.67999999999995,420.16919999999993,420.32319999999993
10.714,69.96000000000001,254.10000000000002,254.43,293.568,308.50600000000003,339.108,345.00399999999996,345.5539999999999,359.67799999999994,369.62199999999996,373.26519999999994,374.24199999999996,409.26599999999996,418.286,419.60599999999994,423.2492,456.55719999999997,491.58119999999997,501.2392,543.7432000000001,547.3292,568.5152,568.6252000000001,578.5252,578.6352,588.9532000000002,619.5552,630.5552,652.6432
40.26,40.414,224.4,224.73,263.868,278.80600000000004,309.408,315.304,315.8539999999999,329.97799999999995,339.92199999999997,343.56519999999995,344.542,379.566,388.586,389.90599999999995,393.5492,426.8572,461.8812,471.5392,514.0432000000001,517.6292,538.8152,538.9252,548.8252,548.9352,559.2532000000001,589.8552,600.8552,622.9431999999999
29.700000000000003,50.974,235.114,235.44400000000002,274.582,289.52000000000004,320.122,326.01800000000003,326.568,340.69199999999995,350.63599999999997,354.27919999999995,355.256,390.28,399.3,400.61999999999995,404.2632,437.5712,472.5952,482.2532,524.7572,528.3432,549.5292,549.6392000000001,559.5391999999999,559.6492000000001,569.9672,600.5691999999999,611.5691999999999,633.6572000000001
71.06,193.6,193.754,194.08399999999997,233.22199999999998,248.16000000000003,278.762,284.65799999999996,285.20799999999997,299.332,309.27599999999995,312.9192,313.89599999999996,348.91999999999996,357.94,359.26,362.90319999999997,396.21119999999996,431.23519999999996,440.8932,483.3972,486.98319999999995,508.1692,508.2792,518.1792,518.2892,528.6072,559.2092000000001,570.2092000000001,592.2972
53.988,218.57,233.50799999999998,264.10999999999996,264.748,264.90200000000004,265.078,265.232,292.62199999999996,250.14,249.81,249.964,280.56600000000003,291.56600000000003,309.144,309.69399999999996,323.818,333.762,337.4052,338.382,368.984,373.406,382.426,383.746,387.38919999999996,417.99119999999994,420.69719999999995,451.2991999999999,455.7212,465.3792
19.822,252.736,267.674,284.306,283.976,284.13,314.73199999999997,325.73199999999997,326.788,343.574,358.248,368.192,370.216,400.818,401.456,401.61,401.78600000000006,401.94000000000005,416.856,418.176,421.8192,452.4212,455.1272,485.7292,490.1512,491.17199999999997,493.064,497.838,512.578,512.578
29.832,82.61,93.61,198.35199999999998,201.256,273.32800000000003,284.32800000000003,288.266,299.26599999999996,304.89799999999997,304.568,304.722,315.722,347.38,358.38,364.166,375.166,378.84,388.784,390.808,401.808,409.39799999999997,422.048,422.202,422.378,422.532,433.532,437.448,438.768,442.41119999999995
40.92,71.522,82.522,231.638,246.576,263.20799999999997,262.878,263.032,305.69,322.476,337.15,347.094,349.118,380.358,380.512,380.688,380.842,395.758,397.078,400.72119999999995,434.0292,469.05319999999995,470.07399999999996,471.966,476.74,491.47999999999996,491.47999999999996,494.384,497.97,520.3
27.94,66.44,84.50200000000001,200.24400000000003,203.14800000000002,275.21999999999997,290.15799999999996,306.78999999999996,306.46,306.614,349.272,366.058,380.73199999999997,390.676,392.7,411.28999999999996,423.94,424.094,424.27,424.424,439.34,440.65999999999997,444.30319999999995,462.8931999999999,477.6112,496.2012,512.6351999999999,513.656,514.052,514.052
41.58,52.8,81.86200000000001,272.58,287.518,304.15,303.82,303.974,346.632,363.418,378.092,388.036,390.06,421.3,421.454,421.63,421.784,436.7,438.02,441.66319999999996,474.9712,509.99519999999995,511.01599999999996,512.908,517.682,532.422,532.422,535.326,538.912,561.242
13.75,80.63,98.69200000000001,129.492,132.39600000000002,169.3560001495933,171.6,218.45999999999998,218.48199999999997,244.79400014959327,247.03799999999998,255.92600014959325,258.16999999999996,278.0140001495933,280.258,285.0320001495933,287.27599999999995,296.1640001495932,298.40799999999996,345.2679999999999,345.2899999999999,400.2679999999999,400.33399999999995,402.73199999999986,402.7979999999999,422.554,422.554,424.446,429.22,459.646
61.116,82.126,85.03,149.006,151.91,167.068,169.972,260.634,275.57199999999995,315.4360001495933,317.68,334.686,351.472,366.14599999999996,376.09,378.114,417.97800014959336,420.22200000000004,424.754,426.074,429.7172,463.02520000000004,480.876,480.87600000000003,499.06999999999994,500.962,505.73599999999993,540.2319999999999,555.6759999999999,593.01
11.110000000000001,83.27,112.33200000000001,303.04999999999995,317.98799999999994,334.62,334.29,334.444,377.102,393.888,408.562,418.50600000000003,420.53000000000003,451.77000000000004,451.92400000000004,452.1,452.254,467.17,468.49,472.1332,505.44120000000004,540.4652,541.486,543.378,548.1519999999999,562.8919999999999,562.892,565.7959999999999,569.382,591.7119999999999
16.544,116.41300005923542,117.94200000000002,158.719,175.494,189.178,190.927,193.60000017433194,202.29,204.03900000000002,206.71200017433193,207.13,208.879,211.55200017433194,221.804,223.553,226.22600017433192,229.87800000000001,229.988,231.30800000000002,231.682,233.43099999999998,235.268,237.017,239.6900001743319,248.38,250.129,252.80200017433194,253.22,254.969
30.14,102.75100005923541,104.34600000000002,145.12300000000002,161.89800000000002,175.51600000000002,177.26500000000001,179.93800017433196,188.62800000000001,190.37700000000004,193.05000017433196,193.46800000000002,195.217,197.89000017433196,208.14200000000002,209.89100000000002,212.56400017433194,216.21600000000004,216.32600000000002,217.64600000000004,218.02,219.769,221.60600000000002,223.35500000000002,226.02800017433194,234.71800000000002,236.467,239.14000017433196,239.55800000000002,241.30700000000002
63.58000005923542,69.311,69.37700000000001,86.15200000000002,138.094,140.547,144.96900017433194,151.20600000000002,153.659,156.046,158.499,162.92100017433194,170.72,173.173,177.59500017433191,178.794,178.904,180.22400000000002,180.59799999999998,183.051,184.184,186.637,191.0590001743319,197.296,199.749,202.136,204.589,209.0110001743319,216.81,219.263
40.436,99.22,102.806,142.6700001495933,144.91399999999996,161.23800005923542,163.69100005923542,165.22000000000003,165.28600000000003,167.03500000000003,169.68599999999998,187.748,224.224,224.378,224.55399999999997,291.83,291.93999999999994,301.84,301.95,306.878,315.12800000000004,315.67800000000005,321.816,338.602,353.276,363.22,366.8632,367.84,402.864,411.884
68.376,71.28,74.866,141.74599999999998,159.808,172.89800005923544,175.35100005923545,176.88000000000005,176.94600000000005,178.69500000000005,181.36800017433197,194.48000017433193,199.32000017433194,213.99400017433194,235.88400000000001,236.038,236.214,276.07800014959327,278.322,318.53799999999995,326.788,327.338,333.47599999999994,350.26199999999994,364.936,374.88,378.5232,379.49999999999994,397.03399999999993,-1.0
29.48,103.47700005923542,105.006,145.78300000000002,162.55800000000002,176.24200000000002,177.991,180.66400017433193,189.354,191.103,193.77600017433195,194.19400000000002,195.943,198.61600017433193,208.86800000000002,210.61700000000002,213.29000017433196,216.942,217.05200000000005,218.372,218.746,220.495,222.33200000000002,224.08100000000002,226.75400017433196,235.444,237.19299999999998,239.86600017433193,240.284,242.033
12.936,101.98100000000001,118.75600000000001,156.53000005923542,162.327,179.102,231.04399999999998,233.49699999999999,237.91900017433193,244.15599999999998,246.60899999999998,248.99599999999998,251.44899999999998,255.87100017433193,263.66999999999996,266.123,270.5450001743319,271.744,271.85400000000004,273.174,273.548,276.00100000000003,277.134,279.587,284.00900017433196,290.246,292.69899999999996,295.086,297.539,301.96100017433184
15.818000000000001,99.09899999999999,115.874,117.07300005923543,118.668,189.838,191.587,194.26000017433194,202.95,204.69899999999998,207.3720001743319,207.79,209.539,212.21200017433193,222.464,224.213,226.8860001743319,230.53800000000004,230.64800000000002,231.96800000000002,232.34200000000004,234.09100000000004,235.92800000000003,237.67700000000002,240.35000017433197,249.04,250.789,253.46200017433193,253.88,255.629
35.97,78.947,95.72200000000001,133.49600005923543,139.293,156.068,208.01,210.463,214.8850001743319,221.122,223.57500000000002,225.962,228.415,232.8370001743319,240.636,243.089,247.51100017433194,248.71,248.82,250.14,250.51400000000004,252.96700000000004,254.10000000000005,256.55300000000005,260.97500017433197,267.212,269.665,272.052,274.505,278.9270001743319
26.84,88.077,104.852,142.62600005923542,148.423,165.198,217.14000000000001,219.59300000000002,224.01500017433193,230.25199999999998,232.70499999999998,235.09199999999998,237.545,241.96700017433193,249.76599999999996,252.21899999999997,256.6410001743319,257.84000000000003,257.95000000000005,259.27,259.644,262.09700000000004,263.23,265.683,270.10500017433196,276.342,278.79499999999996,281.182,283.635,288.0570001743319
5.423,15.554,97.922,108.98800017433193,116.138,134.1120000592354,134.17800005923542,198.70400005923543,209.77000023356737,211.8160000592354,216.6560000592354,227.72200023356731,231.3300000592354,239.40400005923541,239.5140000592354,240.8340000592354,241.20800005923545,244.79400005923546,255.8600002335674,257.90600005923545,262.7460000592354,273.81200023356735,277.42000005923546,284.65800020882875,286.90200005923543,297.96800023356735,300.0140000592354,304.8540000592354,311.6740000592354,322.74000023356734
2.101,18.876,101.244,105.66600017433193,112.816,130.7900000592354,130.8560000592354,202.02600005923543,206.44800023356737,215.1380000592354,219.56000023356734,219.9780000592354,224.4000002335673,234.6520000592354,239.07400023356735,242.72600005923542,242.8360000592354,244.1560000592354,244.53000005923545,248.11600005923546,252.5380002335674,261.22800005923546,265.65000023356737,266.06800005923543,270.49000023356734,280.74200005923547,285.1640002335674,287.98000020882876,290.22400005923544,294.64600023356735
50.446,52.899,57.32100017433193,63.03,74.09600017433193,151.22800005923543,163.614,168.03600017433195,193.53400000000002,206.646,211.486,223.96,228.38200017433195,236.03800000000004,239.62400000000005,252.73600000000002,257.576,272.25,279.4880001495933,281.73199999999997,294.844,299.68399999999997,306.50399999999996,319.616,324.45599999999996,324.566,337.678,342.518,357.19199999999995,361.04200000000003
3.322,17.655,100.023,102.69600017433193,200.8050000592354,202.33400000000003,202.4,213.91700005923542,215.446,215.512,218.7570000592354,220.28600000000003,220.352,233.43100005923543,234.96,235.026,245.7950000592354,245.90500005923542,247.43400000000005,247.50000000000003,304.6890000592354,306.218,306.28400000000005,308.2750000592354,309.804,309.87,344.55300020882873,346.0820001495933,346.1480001495933,346.7970000592354
47.476,55.869,58.54200017433193,66.0,72.87500017433193,166.78200005923543,179.8940000592354,183.59000017433192,209.08800000000002,222.2,227.04,241.71399999999997,243.93600017433192,251.59200000000007,255.17800000000003,268.28999999999996,273.13,287.804,295.04200014959326,297.28599999999994,310.39799999999997,315.23799999999994,322.05799999999994,335.16999999999996,340.00999999999993,340.11999999999995,353.23199999999997,358.07199999999995,372.7459999999999,376.596
21.252000000000002,111.70500005923542,113.23400000000001,128.4800000592354,170.786,184.47,188.8920001743319,202.00400017433194,206.8440001743319,215.27000023356734,227.85400023356735,270.1600001743319,-1.0,-1.0,-1.0,-1.0,-1.0,-1.0,-1.0,-1.0,-1.0,-1.0,-1.0,-1.0,-1.0,-1.0,-1.0,-1.0,-1.0,-1.0
21.252000000000002,93.665,110.44000000000001,113.234,188.82600017433194,197.23000017433193,201.93800017433196,206.77800017433194,209.81400017433194,215.20400023356737,-1.0,-1.0,-1.0,-1.0,-1.0,-1.0,-1.0,-1.0,-1.0,-1.0,-1.0,-1.0,-1.0,-1.0,-1.0,-1.0,-1.0,-1.0,-1.0,-1.0
50.798,52.547,55.22000017433193,154.85800000000003,154.924,168.03599999999997,172.87599999999998,181.3020000592354,193.8860000592354,197.42800000000003,201.01400000000004,214.126,218.966,223.608,236.192,267.894,281.006,285.846,285.956,299.06800000000004,303.908,318.582,322.432,322.586,322.916,335.874,322.762,379.74199999999996,379.852,381.17199999999997
31.9,37.620000000000005,38.94,53.614,120.62599999999999,120.736,187.7260000592354,190.1790000592354,191.708,191.774,194.60100023356733,196.1300001743319,196.1960001743319,210.8700001743319,211.37600023356734,221.63900023356734,221.74900023356736,223.61900023356736,236.90700017433193,251.5810001743319,263.94500017433194,264.05500017433195,265.92500017433196,279.41100017433195,282.99700017433196,297.67100017433194,322.8610003239253,325.10500017433196,339.77900017433194,349.8770001743319
31.680000000000003,33.0,37.839999999999996,52.513999999999996,119.526,119.636,181.7860000592354,184.2390000592354,185.768,185.834,188.66100023356734,190.1900001743319,190.25600017433192,205.43600023356734,217.56900023356735,217.67900023356736,227.68900023356736,230.96700017433193,259.87500017433194,259.98500017433196,269.99500017433195,273.47100017433195,277.05700017433196,316.9210003239253,319.16500017433196,343.9370001743319,361.9990001743319,398.47500017433197,398.62900017433196,398.80500017433195
5.9399999999999995,20.613999999999997,63.58,64.9,213.68600005923543,216.1390000592354,217.668,217.734,220.5610002335673,222.09000017433192,222.15600017433192,237.33600023356735,249.46900023356733,249.57900023356734,262.8670001743319,291.7750001743319,291.88500017433194,305.37100017433187,308.9570001743319,348.82100032392526,351.06500017433194,375.8370001743319,393.8990001743319,430.37500017433194,430.52900017433194,430.70500017433193,475.89300017433186,476.0030001743319,513.0290001743319,521.2790001743318
12.341999999999999,14.212,71.852,73.17200000000001,140.184,140.294,221.95800005923542,224.4110000592354,225.94,226.006,228.8330002335673,230.3620001743319,230.4280001743319,242.79200017433195,242.90200017433196,245.60800023356734,241.19700023356734,241.30700023356735,271.1390001743319,283.50300017433193,283.61300017433194,313.64300017433186,317.2290001743319,345.8730001743318,345.98300017433183,357.09300032392525,359.33700017433193,384.10900017433187,402.1710001743319,430.81500017433183
8.272,18.281999999999996,75.28399999999999,75.394,75.922,77.242,128.172,128.282,235.42200005923542,235.53200005923543,237.87500005923545,237.98500005923546,239.40400000000002,239.47000000000003,239.58000000000004,242.29700023356736,242.40700023356737,243.82600017433194,243.89200017433194,244.00200017433195,259.07200023356734,259.18200023356735,301.37800017433193,301.48800017433194,360.1620001743318,360.2720001743318,363.7480001743318,363.85800017433183,403.6120003239252,403.7220003239252
35.596,45.605999999999995,47.96,48.07000000000001,-1.0,-1.0,-1.0,-1.0,-1.0,-1.0,-1.0,-1.0,-1.0,-1.0,-1.0,-1.0,-1.0,-1.0,-1.0,-1.0,-1.0,-1.0,-1.0,-1.0,-1.0,-1.0,-1.0,-1.0,-1.0,-1.0
25.740000000000002,57.926,67.93599999999999,70.29,-1.0,-1.0,-1.0,-1.0,-1.0,-1.0,-1.0,-1.0,-1.0,-1.0,-1.0,-1.0,-1.0,-1.0,-1.0,-1.0,-1.0,-1.0,-1.0,-1.0,-1.0,-1.0,-1.0,-1.0,-1.0,-1.0
16.984,47.696,52.536,67.21000000000001,119.46000000000001,119.57000000000001,122.53999999999999,129.57999999999998,184.69000005923542,187.14300005923542,188.672,188.738,190.487,193.1600001743319,227.19400005923544,229.64700005923544,230.7800000592354,233.2330000592354,234.76200000000003,234.828,236.577,239.25000017433194,246.422,246.532,249.39200000000002,256.432,267.05800020882873,269.3020000592354,271.75500005923544,272.8880000592354
8.8,55.88,60.72,75.394,130.614,130.72400000000002,192.87400005923544,195.32700005923542,196.85600000000002,196.92200000000003,199.74900023356733,201.27800017433194,201.34400017433194,216.52400023356736,257.2240002335674,257.3340002335674,258.83000017433193,299.530000174332,299.640000174332,301.3340001743319,304.9200001743319,344.7840003239253,347.02800017433196,371.8000001743319,389.8620001743319,426.33800017433197,426.49200017433196,426.66800017433195,483.6480001743319,483.7580001743319
5.896,58.784000000000006,63.623999999999995,77.66000000000001,77.77,87.77999999999999,146.73999999999998,201.036,201.14600000000002,204.62199999999999,204.732,214.74200000000002,240.90000014959332,241.01000014959334,243.144,243.25400000000002,246.73000000000002,246.84000000000003,251.39400005923542,253.84700005923543,255.376,255.442,257.19100000000003,259.8640001743319,264.7040001743319,279.3780001743319,326.03999999999996,326.15,326.19399999999996,326.304
13.288,70.268,70.378,80.278,80.388,123.15600000000002,123.26600000000002,126.12599999999999,126.23599999999999,127.996,128.106,188.3860000592354,190.83900005923542,192.368,192.434,195.26100023356733,196.79000017433194,196.85600017433194,212.03600023356736,254.34200017433196,296.84600017433195,300.4320001743319,340.2960003239253,342.54000017433196,367.3120001743319,385.3740001743319,421.85000017433197,422.00400017433196,422.18000017433195,504.50400017433196
8.139999999999999,75.416,75.52600000000001,85.426,85.536,128.304,128.41400000000002,131.274,131.38400000000001,131.516,135.102,171.38000014959331,173.624,177.21,220.484,220.506,224.092,256.52,256.674,256.84999999999997,257.00399999999996,264.418,279.356,309.95799999999997,320.95799999999997,338.46999999999997,338.844,338.998,339.174,339.328
3.52,136.136,139.722,179.58600014959327,181.82999999999998,203.412,203.52200000000002,207.10800000000003,213.422,213.532,217.11800000000002,240.6580000592354,243.11100005923544,244.64000000000001,244.70600000000002,247.53300023356735,249.06200017433196,249.12800017433193,252.71400017433191,253.77000005923543,256.2230000592354,257.752,257.818,260.6450002335673,262.1740001743319,262.2400001743319,265.8260001743319,272.38199999999995,272.49199999999996,276.078
22.330000000000002,61.336,71.346,73.7,184.71200000000002,188.298,198.308,220.15400005923541,221.4740000592354,222.60700005923542,223.9270000592354,224.136,224.20200000000003,225.52200000000002,225.95100000000002,227.27100000000002,228.62400017433197,229.94400017433196,232.914000174332,234.78400017433196,255.17800000000003,265.18800000000005,273.23999999999995,283.25,309.716,224.4440000592354,226.3140000592354,232.73800005923542,234.0580000592354,237.0280000592354
16.279999999999998,56.144000149593296,58.388000000000005,105.248,105.27,123.376,126.962,190.65200000000002,190.762,194.348,200.662,200.772,204.358,227.89800005923541,230.35100005923542,231.88000000000002,231.946,234.77300023356733,236.30200017433194,236.36800017433194,239.95400017433195,241.0100000592354,243.46300005923544,244.99200000000005,245.05800000000002,247.88500023356735,249.41400017433196,249.48000017433193,253.06600017433192,259.622
4.444,67.9800001495933,70.224,117.084,117.10600000000001,143.41800014959327,145.66199999999998,154.55000014959327,156.79399999999998,175.07600014959328,177.32,178.6620001495933,180.906,227.766,227.78799999999998,242.3520001495933,242.46200014959328,244.706,246.0480001495933,248.292,252.36200014959329,252.47200014959327,254.71599999999998,256.0580001495933,258.302,279.5980002088287,281.84200005923543,282.0510002088287,283.58000014959333,283.6460001495933
1.7819999999999998,-1.0,-1.0,-1.0,-1.0,-1.0,-1.0,-1.0,-1.0,-1.0,-1.0,-1.0,-1.0,-1.0,-1.0,-1.0,-1.0,-1.0,-1.0,-1.0,-1.0,-1.0,-1.0,-1.0,-1.0,-1.0,-1.0,-1.0,-1.0,-1.0
55.88,84.69999999999999,91.71799999999999,97.218,104.23600000000002,108.35,115.368,125.2020001495933,127.446,134.464,138.57799999999997,145.596,174.30599999999998,174.32799999999997,181.34599999999998,185.45999999999998,192.47799999999995,229.30599999999998,229.372,231.836,232.2980001495933,234.54200000000003,235.88400014959325,238.128,245.14599999999996,249.25999999999993,256.27799999999996,284.98799999999994,285.00999999999993,292.02799999999996
53.68,66.19800000000001,77.33,86.9,93.918,94.1820001495933,96.426,107.55799999999999,143.286,143.308,154.43999999999997,198.286,198.352,200.816,201.2780001495933,203.52200000000002,204.86400014959327,207.10799999999998,218.23999999999995,253.96799999999996,253.98999999999995,265.12199999999996,271.74400014959326,273.988,285.12,289.8060001495933,292.04999999999995,303.18199999999996,338.91,338.932
22.220000000000002,50.2040001495933,52.448,97.658,108.78999999999999,130.87800000000001,137.89600000000002,149.028,157.3000001495933,159.544,160.88600014959326,163.12999999999997,209.98999999999995,210.01199999999994,227.76600014959328,230.01,245.82800014959327,248.07199999999997,294.932,294.954,313.10400014959333,313.21400014959335,315.458,323.22400014959334,325.468,339.39400014959335,341.63800000000003,354.33200014959334,356.576,403.43600000000004
7.81,173.25,324.85200000000003,326.744,331.51800000000003,353.672,355.564,360.338,360.69,362.58200000000005,367.356,368.6320001495933,370.52400014959335,370.876,372.76800000000003,373.208,375.1,379.7640001495933,381.65600014959335,382.008,383.90000000000003,384.34000000000003,386.2320000000001,391.00600000000003,421.4320000000001,428.868,428.89,430.78200000000004,435.55600000000004,465.982
29.106,39.952,118.492,131.01,142.142,158.9940001495933,161.23799999999997,172.36999999999995,208.09799999999998,208.11999999999998,219.25199999999995,263.09799999999996,263.164,265.628,266.09000014959327,268.334,269.6760001495933,271.92,283.052,318.78000000000003,318.802,329.934,336.5560001495934,338.80000000000007,339.39399999999995,339.39399999999995,341.286,346.05999999999995,354.0020001495933,356.246
31.019999999999996,38.038,109.56,122.078,133.21,150.0620001495933,152.30599999999998,163.43799999999996,199.166,199.188,210.31999999999996,254.16599999999997,254.23199999999997,256.69599999999997,257.15800014959325,259.402,260.74400014959326,262.988,274.12,309.848,309.87,321.002,327.62400014959337,329.86800000000005,330.46199999999993,330.46199999999993,332.354,337.12799999999993,345.0700001495933,347.31399999999996
39.6,141.46,293.062,294.954,299.728,321.882,323.774,328.548,328.9,330.79200000000003,335.566,336.8420001495933,338.7340001495933,339.08599999999996,340.978,341.418,343.31000000000006,347.9740001495933,349.86600014959333,350.21799999999996,352.11,352.55,354.44200000000006,359.216,389.64200000000005,397.078,397.09999999999997,398.992,403.76599999999996,434.192
9.988000000000001,-1.0,-1.0,-1.0,-1.0,-1.0,-1.0,-1.0,-1.0,-1.0,-1.0,-1.0,-1.0,-1.0,-1.0,-1.0,-1.0,-1.0,-1.0,-1.0,-1.0,-1.0,-1.0,-1.0,-1.0,-1.0,-1.0,-1.0,-1.0,-1.0
8.931999999999999,60.126,138.666,151.184,162.31599999999997,179.16800014959333,181.41200000000003,192.544,228.272,228.294,239.426,283.272,283.33799999999997,285.80199999999996,286.2640001495933,288.508,289.85000014959326,292.094,303.226,338.954,338.97600000000006,350.10800000000006,356.7300001495933,358.974,359.568,359.568,361.46,366.234,374.17600014959334,376.42
43.978,55.10999999999999,75.9,103.8840001495933,106.12799999999999,109.12,116.138,144.1220001495933,146.366,193.226,193.248,248.22599999999997,248.29199999999997,250.75599999999997,251.21800014959328,253.462,254.80400014959326,257.04799999999994,303.908,303.93,321.68400014959326,323.92799999999994,332.4640001495933,332.46400014959335,334.35600014959334,336.6,337.04,369.55600014959333,371.8,374.132
10.581999999999999,88.506,120.42800000000001,148.4120001495933,150.65599999999998,153.648,160.666,188.6500001495933,190.894,237.754,237.77599999999998,292.75399999999996,292.82,295.284,295.74600014959327,297.99,299.3320001495933,301.57599999999996,348.43600000000004,348.458,366.2120001495933,368.45599999999996,376.9920001495933,376.99200014959337,378.88400014959336,381.12800000000004,381.56800000000004,414.08400014959335,416.32800000000003,418.66
32.559999999999995,66.52799999999999,98.44999999999999,126.43400014959329,128.678,131.67,138.688,166.67200014959326,168.91599999999997,215.77599999999995,215.79799999999994,270.77599999999995,270.8419999999999,273.3059999999999,273.76800014959326,276.012,277.35400014959333,279.598,326.4580000000001,326.4800000000001,344.23400014959327,346.47799999999995,355.0140001495933,355.0140001495933,356.9060001495933,359.15,359.59,392.10600014959334,394.35,396.682
11.968,87.11999999999999,119.042,147.0260001495933,149.26999999999998,182.49,189.50799999999998,196.13,196.152,229.37199999999996,236.38999999999996,251.12999999999994,251.19599999999997,253.59399999999994,253.65999999999997,286.87999999999994,293.89799999999997,316.5249999999999,316.5469999999999,318.9889999999999,319.0109999999999,327.10699999999997,327.12899999999996,328.16299999999995,328.14099999999996,330.60499999999996,330.62699999999995,332.23299999999995,332.25499999999994,334.69699999999995
2.7279999999999998,42.1960001495933,71.94,91.3,91.322,146.29999999999998,146.36599999999999,147.37800000000001,158.50999999999996,191.72999999999996,198.74799999999996,305.84399999999994,309.42999999999995,376.30999999999995,387.09,387.09,388.982,393.756,424.1820000000001,440.9680000000001,455.64200000000005,458.81000000000006,473.7480000000001,564.3220000000001,578.9960000000001,586.8280000000001,617.4300000000001,622.292,625.878,691.3500000592355
21.3400001495933,23.584000000000003,51.084,70.444,70.46600000000001,125.44399999999999,125.50999999999999,126.522,137.65399999999997,170.87399999999997,177.89199999999997,284.98799999999994,288.57399999999996,355.45399999999995,366.234,366.234,368.12600000000003,372.9,403.3260000000001,420.1120000000001,434.78600000000006,437.95400000000006,452.8920000000001,543.466,558.14,565.972,596.574,601.4359999999999,605.0219999999999,670.4940000592354
18.766000000000002,73.01800014959329,73.0400001495933,75.262,75.284,102.762,102.78399999999999,157.762,157.828,160.29199999999997,178.2,178.222,189.33199999999997,189.35399999999996,222.55199999999996,222.57399999999996,229.56999999999996,229.59199999999996,284.57,284.63599999999997,287.09999999999997,336.666,336.688,340.252,340.274,395.25199999999995,395.318,397.782,407.132,407.154
5.368,39.5560001495933,69.3,88.66,88.68199999999999,143.66,143.726,144.738,155.86999999999998,189.08999999999997,196.10799999999998,303.20399999999995,306.78999999999996,373.66999999999996,384.45,384.45,386.34200000000004,391.11600000000004,421.5420000000001,438.3280000000001,453.00200000000007,456.1700000000001,471.1080000000001,561.6820000000001,576.3560000000001,584.1880000000001,614.7900000000001,619.652,623.238,688.7100000592355
15.488000000000001,29.4360001495933,59.18000000000001,78.54,78.56200000000001,133.54,133.606,134.618,145.74999999999997,178.96999999999997,185.98799999999997,293.08399999999995,296.66999999999996,363.54999999999995,374.33,374.33,376.22200000000004,380.996,411.422,428.208,442.882,446.05,460.98800000000006,551.562,566.236,574.068,604.67,609.5319999999999,613.1179999999999,678.5900000592354
40.018,40.04,51.766000149593296,54.010000000000005,81.51,95.018,95.084,97.548,170.17000000000002,170.368,172.832,181.98399999999998,184.44799999999998,229.559,240.141,245.267,253.47299999999998,264.055,269.18100000000004,279.76300000000003,300.88300000000004,311.46500000000003,316.591,327.173,-1.0,-1.0,-1.0,-1.0,-1.0,-1.0
20.548,59.51,71.2360001495933,73.48,100.98,114.488,114.554,117.018,189.64000000000001,189.838,192.302,201.45399999999998,203.91799999999998,249.029,259.611,264.73699999999997,272.943,283.525,288.65100000000007,299.23300000000006,320.35300000000007,330.93500000000006,336.06100000000004,346.64300000000003,-1.0,-1.0,-1.0,-1.0,-1.0,-1.0
23.759999999999998,102.586,111.276,111.298,113.762,123.0240001495933,125.26800000000001,127.73200000000001,152.76800000000003,155.23200000000003,228.20599999999996,230.66999999999996,239.33799999999997,241.80199999999996,259.864,262.328,263.44999999999993,265.914,327.14,327.25,329.714,330.836,333.3,337.15,337.26,339.724,340.846,343.31,364.38600005923547,366.83900005923545
45.32,81.026,89.782,89.804,92.268,101.5300001495933,103.77400000000002,106.23800000000001,131.27400000000003,133.73800000000003,206.71199999999996,209.17599999999996,217.84399999999997,220.30799999999996,238.36999999999998,240.83399999999997,241.95599999999996,244.41999999999996,305.646,305.75600000000003,308.22,309.34200000000004,311.80600000000004,315.656,315.766,318.23,319.35200000000003,321.81600000000003,342.8920000592355,345.3450000592355
8.139999999999999,64.28400014959331,66.528,113.388,113.41,139.7220001495933,141.966,150.85400014959328,153.09799999999998,171.3800001495933,173.624,174.9660001495933,177.21,224.07,224.09199999999998,238.6560001495933,238.7660001495933,241.01000000000002,242.35200014959332,244.59600000000003,248.6660001495933,248.7760001495933,251.02,252.3620001495933,254.60600000000002,275.9020002088287,278.1460000592354,278.35500020882876,279.88400014959336,279.95000014959334
8.063,135.65200000000002,138.11599999999999,148.69799999999998,149.732,160.314,165.44,173.646,184.22799999999998,189.35399999999998,192.434,192.63199999999998,203.21399999999997,204.11600014959333,204.13800014959332,206.36,206.38200000000003,208.84600000000003,217.99800000000002,223.124,223.19000000000003,233.77200000000002,233.86000000000004,233.88200000000003,236.34600000000003,245.49800000000002,250.624,250.69000000000003,261.27200000000005,262.306
11.66,80.1240001495933,80.1460001495933,82.368,82.39,109.86800000000001,109.89000000000001,132.055,134.519,142.637,143.671,146.135,147.76299999999998,150.22699999999998,159.379,161.843,171.67699999999996,174.14099999999996,183.29299999999998,185.75699999999998,219.087,221.551,230.703,233.167,273.40500000000003,273.603,276.067,344.88300000000004,344.90500000000003,344.94900000000007
29.040000000000003,46.66199999999999,125.257,127.721,139.337,155.045,163.251,178.959,182.03900000000002,182.237,193.72100014959332,136.873,152.581,160.787,176.495,179.57500000000002,179.773,195.481,203.68699999999998,219.39499999999998,222.05700000000002,222.079,222.14499999999998,233.761,249.469,250.943,251.07500000000002,250.87700000000004,266.58500000000004,274.791
32.559999999999995,43.142,111.155,113.619,125.23499999999999,140.94299999999998,149.149,164.857,167.937,168.135,179.61900014959332,122.77099999999999,138.47899999999998,146.685,162.393,165.473,165.671,181.379,189.58499999999998,205.29299999999998,207.955,207.977,208.04299999999998,219.659,235.367,236.841,236.973,236.77500000000003,252.48300000000003,260.689
14.102,61.599999999999994,140.195,142.659,154.27499999999998,169.98299999999998,178.189,193.897,196.97700000000003,197.175,208.6590001495933,151.81099999999998,167.51899999999998,175.725,191.433,194.51300000000003,194.711,210.419,218.625,234.333,236.99499999999998,237.01699999999997,237.083,248.69899999999998,264.407,265.88100000000003,266.013,265.815,281.52299999999997,289.729
27.06,-1.0,-1.0,-1.0,-1.0,-1.0,-1.0,-1.0,-1.0,-1.0,-1.0,-1.0,-1.0,-1.0,-1.0,-1.0,-1.0,-1.0,-1.0,-1.0,-1.0,-1.0,-1.0,-1.0,-1.0,-1.0,-1.0,-1.0,-1.0,-1.0
22.439999999999998,69.38799999999999,136.983,139.447,147.565,150.029,159.18099999999998,183.095,201.883,202.08100000000002,216.0290001495933,216.05100014959328,218.27299999999997,218.29500000000002,220.75900000000001,229.911,235.03699999999998,235.103,245.77300000000002,245.79500000000002,248.25900000000001,257.411,262.537,262.603,274.219,291.401,291.599,315.513,321.211,321.233
38.059999999999995,53.768,105.65500000000002,108.11900000000001,116.23700000000001,118.70100000000001,127.853,151.767,170.555,170.75300000000001,184.70100014959328,184.72300014959328,186.94499999999996,186.967,189.431,198.583,203.70899999999997,203.775,214.44500000000002,214.467,216.931,226.083,231.20899999999997,231.275,242.891,260.07300000000004,260.271,284.185,289.88300000000004,289.90500000000003
45.628,-1.0,-1.0,-1.0,-1.0,-1.0,-1.0,-1.0,-1.0,-1.0,-1.0,-1.0,-1.0,-1.0,-1.0,-1.0,-1.0,-1.0,-1.0,-1.0,-1.0,-1.0,-1.0,-1.0,-1.0,-1.0,-1.0,-1.0,-1.0,-1.0
31.328,60.49999999999999,128.09500000000003,130.55900000000003,138.67700000000002,141.14100000000002,150.293,174.207,192.995,193.193,207.14100014959334,207.16300014959333,209.38500000000002,209.407,211.871,221.023,226.14899999999997,226.215,236.88499999999996,236.90699999999995,239.37099999999995,248.52299999999997,253.64899999999997,253.71499999999995,265.33099999999996,282.513,282.71099999999996,306.62499999999994,312.32300000000004,312.345
21.12,40.370000000000005,72.424,193.919,196.383,204.501,205.535,209.62700000000004,212.09100000000004,220.20900000000003,221.24300000000002,263.94500000000005,264.14300000000003,278.0910001495933,278.1130001495933,280.335,280.35699999999997,282.82099999999997,291.97299999999996,297.099,297.16499999999996,307.835,307.85699999999997,310.32099999999997,319.47299999999996,324.59899999999993,324.66499999999996,336.28099999999995,353.46299999999997,353.66099999999994
7.04,39.094,54.45,160.589,163.053,171.171,172.20499999999998,176.29700000000003,178.76100000000002,186.87900000000002,187.913,230.61500000000004,230.81300000000002,244.76100014959331,244.7830001495933,247.005,247.027,249.49099999999999,258.643,263.769,263.835,274.505,274.527,276.991,286.143,291.26899999999995,291.335,302.95099999999996,320.133,320.33099999999996
11.110000000000001,35.024,82.434,132.605,135.069,143.18699999999998,144.22099999999998,148.31300000000002,150.77700000000002,158.895,159.929,202.63100000000003,202.829,216.7770001495933,216.7990001495933,219.021,219.04299999999998,221.50699999999998,230.659,235.785,235.85099999999997,246.521,246.54299999999998,249.00699999999998,258.159,263.28499999999997,263.351,274.967,292.149,292.347
28.16,33.330000000000005,-1.0,-1.0,-1.0,-1.0,-1.0,-1.0,-1.0,-1.0,-1.0,-1.0,-1.0,-1.0,-1.0,-1.0,-1.0,-1.0,-1.0,-1.0,-1.0,-1.0,-1.0,-1.0,-1.0,-1.0,-1.0,-1.0,-1.0,-1.0
18.150000000000002,27.984,65.56,187.05499999999998,189.51899999999998,197.63699999999997,198.67099999999996,202.76299999999995,205.22699999999995,213.345,214.37899999999996,257.08099999999996,257.27899999999994,271.22700014959327,271.24900014959326,273.471,273.493,275.957,285.109,290.23499999999996,290.301,300.97099999999995,300.99299999999994,303.45699999999994,312.6089999999999,317.7349999999999,317.801,329.417,346.599,346.79699999999997
7.04,50.864,93.566,93.764,136.675,139.139,147.257,149.721,152.38299999999998,154.84699999999998,160.589,163.053,171.171,173.635,176.29699999999997,178.76099999999997,186.87899999999996,189.34299999999996,207.99899999999997,210.46299999999997,218.58099999999996,221.04499999999996,223.707,226.171,234.289,236.753,302.7530001495933,302.77500014959327,304.99699999999996,305.01899999999995
23.144,34.76,77.462,77.66,120.571,123.035,131.153,133.617,136.279,138.743,144.485,146.949,155.067,157.531,160.19299999999998,162.65699999999998,170.77499999999998,173.23899999999998,191.89499999999998,194.35899999999998,202.47699999999998,204.94099999999997,207.60299999999998,210.06699999999998,218.18499999999997,220.64899999999997,286.6490001495933,286.6710001495933,288.893,288.91499999999996
35.903999999999996,47.519999999999996,64.702,64.89999999999999,133.331,135.795,143.91299999999998,146.37699999999998,149.039,151.503,157.245,159.709,167.827,170.291,172.95299999999997,175.41699999999997,183.53499999999997,185.99899999999997,204.65499999999997,207.11899999999997,215.23699999999997,217.70099999999996,220.36299999999997,222.82699999999997,230.94499999999996,233.40899999999996,290.65300014959325,290.7190001495933,292.89699999999993,292.963
12.298,88.30799999999999,99.92399999999999,117.30399999999999,185.735,188.199,196.317,198.781,201.44299999999998,203.90699999999998,209.649,212.113,220.231,222.695,225.35699999999997,227.82099999999997,235.93899999999996,238.40299999999996,257.05899999999997,259.52299999999997,267.64099999999996,270.10499999999996,272.767,275.231,283.34899999999993,285.81299999999993,343.05700014959325,343.1230001495933,345.30099999999993,345.367
16.104,41.8,84.50200000000001,84.7,127.61099999999999,130.075,138.193,140.657,143.31900000000002,145.78300000000002,151.525,153.989,162.107,164.571,167.23299999999998,169.69699999999997,177.81499999999997,180.27899999999997,198.935,201.399,209.517,211.981,214.643,217.107,225.225,227.689,293.68900014959326,293.7110001495933,295.93299999999994,295.955
9.548,31.152,127.952,127.97399999999999,128.018,128.04,136.631,147.213,148.24699999999999,158.82899999999998,163.95499999999996,172.16099999999997,182.74299999999997,187.86899999999997,198.45099999999996,214.654,214.676,214.72,214.742,214.85199999999998,214.87399999999997,214.91799999999998,214.93999999999997,226.66600014959326,228.90999999999997,256.40999999999997,331.848,342.98,363.50600000000003,367.09200000000004
19.118000000000002,21.582,115.91799999999999,115.94,115.98400000000001,116.006,124.597,135.179,136.213,146.795,151.92099999999996,160.12699999999998,170.70899999999997,175.83499999999998,186.41699999999997,202.62,202.642,202.686,202.708,202.81799999999998,202.83999999999997,202.884,202.90599999999998,214.63200014959327,216.87599999999998,244.37599999999995,319.814,330.946,351.47200000000004,355.05800000000005
12.76,87.846,88.04399999999998,99.46200000000002,99.66,122.27599999999998,122.298,122.364,124.73999999999998,124.762,124.828,136.4880001495933,136.5540001495933,138.732,138.798,166.232,166.298,187.73700000000002,187.935,198.31900000000002,198.517,214.02700000000004,214.22500000000002,237.94100000000003,238.139,285.35100000000006,285.54900000000004,-1.0,-1.0,-1.0
12.033999999999999,28.666000000000004,125.466,125.488,125.53200000000001,125.554,134.145,144.727,145.76099999999997,156.343,161.46899999999997,169.67499999999998,180.25699999999998,185.383,195.965,212.168,212.19,212.234,212.256,212.36599999999999,212.38799999999998,212.432,212.45399999999998,224.18000014959327,226.42399999999998,253.92399999999995,329.362,340.494,361.02000000000004,364.60600000000005
19.47,60.587999999999994,72.3140001495933,74.558,102.058,115.566,115.632,118.03,118.096,193.11599999999999,193.182,193.31399999999996,193.38,195.17300014959326,197.41699999999997,204.732,204.798,204.92999999999998,204.99599999999998,206.78900014959328,209.033,217.37100014959327,219.61499999999998,222.49700014959328,224.74099999999999,230.70300014959327,232.94699999999997,241.28500014959326,243.52899999999997,246.4110001495933
39.379999999999995,86.966,95.65599999999999,95.67800000000001,98.14200000000001,107.4040001495933,109.64800000000001,112.11200000000001,137.148,139.612,212.58599999999998,215.04999999999998,223.71799999999996,226.18199999999996,244.24399999999997,246.70799999999997,247.82999999999996,250.29399999999995,311.52000000000004,311.63,314.094,315.216,317.68,321.53000000000003,321.64000000000004,324.10400000000004,325.22600000000006,327.69000000000005,348.7660000592355,351.2190000592355
17.886,108.46,117.216,117.23800000000001,119.70200000000001,128.9640001495933,131.208,133.672,158.708,161.172,234.146,236.60999999999999,245.27799999999996,247.74199999999996,265.804,268.268,269.39,271.8539999999999,333.08000000000004,333.19000000000005,335.65400000000005,336.77600000000007,339.24000000000007,343.0900000000001,343.2000000000001,345.6640000000001,346.78600000000006,349.25000000000006,370.32600005923547,372.77900005923544
27.764000000000003,72.842,84.458,101.838,182.358,182.38,182.42400000000004,182.44600000000003,184.91000000000003,194.062,194.17200014959332,196.416,198.88,208.03199999999998,223.916,226.38,235.53199999999998,259.78700000000003,270.369,286.077,299.354,301.818,310.486,310.96999999999997,331.012,333.476,334.598,337.062,346.214,370.469
23.099999999999998,79.72800000000001,88.946,98.164,105.578,140.86599999999999,166.65,174.06400000000002,209.35200000000003,-1.0,-1.0,-1.0,-1.0,-1.0,-1.0,-1.0,-1.0,-1.0,-1.0,-1.0,-1.0,-1.0,-1.0,-1.0,-1.0,-1.0,-1.0,-1.0,-1.0,-1.0
44.879999999999995,57.94800000000001,67.166,70.73,133.012,139.216,201.49800000000002,244.20000000000005,-1.0,-1.0,-1.0,-1.0,-1.0,-1.0,-1.0,-1.0,-1.0,-1.0,-1.0,-1.0,-1.0,-1.0,-1.0,-1.0,-1.0,-1.0,-1.0,-1.0,-1.0,-1.0
50.38,65.22999999999999,70.88399999999999,78.298,113.58599999999998,182.07199999999997,-1.0,-1.0,-1.0,-1.0,-1.0,-1.0,-1.0,-1.0,-1.0,-1.0,-1.0,-1.0,-1.0,-1.0,-1.0,-1.0,-1.0,-1.0,-1.0,-1.0,-1.0,-1.0,-1.0,-1.0
24.64,75.966,87.582,104.96199999999999,185.482,185.504,185.54799999999997,185.56999999999996,188.03399999999996,197.18599999999998,197.29600014959325,199.54,202.004,211.15599999999998,227.04,229.504,238.65599999999998,262.911,273.493,289.20099999999996,302.478,304.942,313.61,314.094,334.136,336.6,337.72200000000004,340.18600000000004,349.338,373.593
34.848000000000006,44.066,67.97999999999999,86.768,185.74599999999998,254.23199999999997,-1.0,-1.0,-1.0,-1.0,-1.0,-1.0,-1.0,-1.0,-1.0,-1.0,-1.0,-1.0,-1.0,-1.0,-1.0,-1.0,-1.0,-1.0,-1.0,-1.0,-1.0,-1.0,-1.0,-1.0
35.75,43.16400000000001,76.29599999999999,78.452,-1.0,-1.0,-1.0,-1.0,-1.0,-1.0,-1.0,-1.0,-1.0,-1.0,-1.0,-1.0,-1.0,-1.0,-1.0,-1.0,-1.0,-1.0,-1.0,-1.0,-1.0,-1.0,-1.0,-1.0,-1.0,-1.0
39.885999999999996,74.316,81.73,114.862,124.08000000000001,192.56600000000003,-1.0,-1.0,-1.0,-1.0,-1.0,-1.0,-1.0,-1.0,-1.0,-1.0,-1.0,-1.0,-1.0,-1.0,-1.0,-1.0,-1.0,-1.0,-1.0,-1.0,-1.0,-1.0,-1.0,-1.0
8.316,70.59800000000001,103.72999999999999,107.29399999999998,175.77999999999997,-1.0,-1.0,-1.0,-1.0,-1.0,-1.0,-1.0,-1.0,-1.0,-1.0,-1.0,-1.0,-1.0,-1.0,-1.0,-1.0,-1.0,-1.0,-1.0,-1.0,-1.0,-1.0,-1.0,-1.0,-1.0
12.033999999999999,80.52,103.576,109.22999999999999,151.932,208.56,-1.0,-1.0,-1.0,-1.0,-1.0,-1.0,-1.0,-1.0,-1.0,-1.0,-1.0,-1.0,-1.0,-1.0,-1.0,-1.0,-1.0,-1.0,-1.0,-1.0,-1.0,-1.0,-1.0,-1.0
40.26,52.294,143.83599999999998,149.48999999999998,192.19199999999998,248.82,-1.0,-1.0,-1.0,-1.0,-1.0,-1.0,-1.0,-1.0,-1.0,-1.0,-1.0,-1.0,-1.0,-1.0,-1.0,-1.0,-1.0,-1.0,-1.0,-1.0,-1.0,-1.0,-1.0,-1.0
15.466000000000001,98.73599999999999,106.15,139.282,148.5,205.12800000000001,216.98600000000002,273.61400000000003,-1.0,-1.0,-1.0,-1.0,-1.0,-1.0,-1.0,-1.0,-1.0,-1.0,-1.0,-1.0,-1.0,-1.0,-1.0,-1.0,-1.0,-1.0,-1.0,-1.0,-1.0,-1.0
40.26,52.294,143.83599999999998,149.49,156.904,192.192,-1.0,-1.0,-1.0,-1.0,-1.0,-1.0,-1.0,-1.0,-1.0,-1.0,-1.0,-1.0,-1.0,-1.0,-1.0,-1.0,-1.0,-1.0,-1.0,-1.0,-1.0,-1.0,-1.0,-1.0
6.335999999999999,107.866,115.28,148.412,157.63,214.258,226.11599999999999,282.744,-1.0,-1.0,-1.0,-1.0,-1.0,-1.0,-1.0,-1.0,-1.0,-1.0,-1.0,-1.0,-1.0,-1.0,-1.0,-1.0,-1.0,-1.0,-1.0,-1.0,-1.0,-1.0
16.764,97.43799999999999,104.852,137.98399999999998,147.202,203.83,215.688,272.31600000000003,-1.0,-1.0,-1.0,-1.0,-1.0,-1.0,-1.0,-1.0,-1.0,-1.0,-1.0,-1.0,-1.0,-1.0,-1.0,-1.0,-1.0,-1.0,-1.0,-1.0,-1.0,-1.0
16.61,-1.0,-1.0,-1.0,-1.0,-1.0,-1.0,-1.0,-1.0,-1.0,-1.0,-1.0,-1.0,-1.0,-1.0,-1.0,-1.0,-1.0,-1.0,-1.0,-1.0,-1.0,-1.0,-1.0,-1.0,-1.0,-1.0,-1.0,-1.0,-1.0
14.08,-1.0,-1.0,-1.0,-1.0,-1.0,-1.0,-1.0,-1.0,-1.0,-1.0,-1.0,-1.0,-1.0,-1.0,-1.0,-1.0,-1.0,-1.0,-1.0,-1.0,-1.0,-1.0,-1.0,-1.0,-1.0,-1.0,-1.0,-1.0,-1.0
2.288,46.376,90.99199999999999,154.98999999999998,162.052,240.92200000000003,257.708,272.38200000000006,330.99000000000007,350.526,365.464,381.06200000000007,386.97999999999996,386.97999999999996,415.8,422.81800000000004,424.31399999999996,415.8,422.81800000000004,430.7600001495933,433.00399999999996,435.33599999999996,441.89200014959323,444.136,446.4679999999999,460.15200000000004,462.6820001495933,464.926,502.26,511.566
